"","tract","age_25to34_pct","edu_BS_pct","owns_pct","Hhval_med","inc_Hhmed","HH_nonfam_pct","pov_fams_pct","prof_ind_pct","rent_medgross","white_nonlat_pct"
"1","13013180205",13.6,10.5,42.05,106100,40139,39.31,17.7,11.59,950,62.5
"2","13015960802",12.9,5.6,63.56,60500,33393,35.29,21.7,14.73,904,83.8
"3","13045910501",13.7,8.6,30.12,88100,35267,45.93,14.7,7.99,752,43.8
"4","13045910502",17.7,2.1,8.89,83300,24367,48.7,32.5,11.88,645,19.9
"5","13045910600",14.6,17.2,69.24,119400,53269,23.95,19.2,7.52,787,65.7
"6","13063040202",18.2,7.9,33.3,82500,28105,33.62,30,10.59,886,4.9
"7","13063040203",20.7,13.4,24.79,74900,32866,44.15,21.1,12.65,874,1.7
"8","13063040204",22,12.7,35.92,102500,35667,54.63,17.7,12.89,717,2.4
"9","13063040302",14.6,6.4,44.86,55400,32754,39.51,30.9,14.22,784,17.1
"10","13063040303",15.3,13.7,62.11,63300,32820,25.01,31.7,6.34,872,13.2
"11","13063040306",25.6,6.8,14.4,14200,25120,24.65,35.2,3.21,779,3.7
"12","13063040307",13.4,7.6,57.97,60100,36056,28.01,24,10.59,951,18.9
"13","13063040308",17.2,7.4,39.91,61800,24404,51.67,25.1,10.78,804,17.8
"14","13063040407",15,9.3,61.83,84700,45271,30.93,13.2,7.04,1015,11.6
"15","13063040408",12.1,8.1,40.13,98800,36975,35.13,14.7,7.23,799,17.3
"16","13063040409",13.3,11.5,59.37,84400,41670,25.53,5.9,10.02,940,13.6
"17","13063040410",9.8,10.6,64.89,85600,44730,40.34,16.2,14.06,849,14.3
"18","13063040411",11.7,22.1,84.6,108900,69105,23.14,5.1,6.44,1129,11.3
"19","13063040412",24.2,10.3,43.58,71200,37870,42.37,26.4,10.2,896,9.3
"20","13063040413",14.6,21,69.75,88400,51822,32.24,16.7,7.46,1078,10.8
"21","13063040414",20.5,6.8,28.85,57000,32083,24.83,16.6,19.11,926,24.5
"22","13063040415",18.8,11.7,20.13,58200,36528,36.19,40,8.48,832,5.3
"23","13063040416",14.4,4.4,59.89,68300,44900,30,16.6,9.11,965,14
"24","13063040417",14.6,9.2,20.68,68400,32188,40.84,39.3,11.51,882,10.7
"25","13063040509",12.4,11.4,63.64,80100,60710,25.11,11,11.68,1108,3.8
"26","13063040510",15.6,10.5,43.27,82600,37292,36.82,19.8,24.51,1010,7.2
"27","13063040512",12.3,14.2,49.09,91800,37578,32.91,17,5.66,779,3.2
"28","13063040513",6.7,10.3,65.37,85600,61350,25.69,10.9,14.64,1182,11.2
"29","13063040514",10.8,14.9,40.41,83800,41989,31.68,24.2,10.4,941,3.7
"30","13063040515",15.4,8.5,44.88,69700,40560,34.33,19.4,9.23,967,4.5
"31","13063040516",14,9.5,46.42,75100,33000,35.78,35.5,10.39,803,7.6
"32","13063040518",15.6,8.8,44.99,67600,40308,21.95,19.9,5.05,942,10.1
"33","13063040519",20.7,15.8,3.58,NA,29789,67.25,31,12.3,759,2.8
"34","13063040520",22.1,14.3,28.03,80900,30172,61.4,38.9,10.63,787,0.2
"35","13063040521",12.8,9.3,45.46,51400,33456,25.95,25.8,9.68,969,8.8
"36","13063040522",17.3,12.6,30.98,58500,32048,39.77,29.4,10.99,781,9
"37","13063040523",13.3,15.9,52.75,82000,36250,29.05,26.8,11.42,859,8.1
"38","13063040524",17,13,49.12,74800,43188,35.19,12.3,8.73,886,7.2
"39","13063040525",12.4,14.8,55.57,65700,42401,23.68,23,12.28,1134,4.2
"40","13063040526",11.7,14.6,43.45,76900,45065,35.28,29.1,5.34,1015,5.3
"41","13063040606",19.6,11.1,64.04,89400,47804,26.23,16.2,1.76,1034,28.1
"42","13063040608",13.9,19.4,71.41,130000,65024,28.51,10.8,5.57,1018,14.3
"43","13063040609",16,14.3,66.66,102600,56347,42.11,3.3,11.65,941,16.8
"44","13063040611",17.3,8.7,27.56,53100,31198,35.12,31.6,4.48,849,14.7
"45","13063040612",16.5,6,36.55,71900,30996,33.35,36.4,7.4,885,19.8
"46","13063040613",9.3,16.7,67.66,119300,51637,19.99,20.1,9.66,1005,26.2
"47","13063040614",6.6,21,79.55,178900,68377,25.12,5.3,12.48,1363,48.4
"48","13063040615",9.4,10.2,57.44,115300,65601,20.23,10,7.17,1183,16.3
"49","13063040616",21.8,19.2,37.27,75500,47890,34.77,22.9,5.85,946,9.4
"50","13063040617",12.8,5.4,70.42,10500,32991,25.72,31.4,21.83,763,34.2
"51","13063040619",10.2,13.5,63.23,103500,55078,34.25,18.8,8.45,903,5.8
"52","13063040620",13.9,14.1,75.6,124300,56694,25.43,10.8,9.89,1242,18.2
"53","13063040621",14.1,16.5,65.11,91200,55927,22.37,12.2,11.64,1113,8.5
"54","13063040622",11.9,13.1,46.46,81700,39381,26.36,21.5,8.95,1023,15.4
"55","13063980000",NA,NA,NA,NA,NA,NA,NA,NA,NA,NA
"56","13067030101",10.1,21.5,81.06,175900,83750,19.99,13.2,14.39,1288,86.1
"57","13067030103",11.9,29.4,71.91,185600,74049,25.87,5.5,10.2,1335,58.7
"58","13067030104",14.9,19.6,53.46,139900,49256,41.89,12.6,20.54,948,66.3
"59","13067030106",18,17.4,59.08,136600,48926,33.76,13.4,10.63,1033,48.1
"60","13067030107",13.8,31,82.83,191500,82769,20.39,1.5,12.2,1514,50.5
"61","13067030209",7,33.7,93.43,198500,82500,19.9,0.6,14.26,1485,66.4
"62","13067030214",11.1,37.5,86.1,189400,78397,26.61,4.1,16.25,1186,74.1
"63","13067030215",9.8,34.7,85.4,182300,77750,21.59,4.7,18.75,1262,67.7
"64","13067030218",8.4,34,90.4,335500,140592,4.83,2.7,15.64,1235,71.1
"65","13067030219",5.7,33.7,92.53,297500,106307,13.73,4.5,10.19,1814,77.5
"66","13067030220",13.8,22.8,79.51,168500,83140,14.73,1.8,19.4,1395,66.5
"67","13067030222",10.3,37.5,86.3,206200,85139,16.88,6.6,13.09,1379,83.9
"68","13067030223",12.8,26.4,61.59,161900,65286,35.09,0,10.47,1136,52.7
"69","13067030224",13.9,28.6,66.6,186000,68097,26.75,5.5,10.27,1567,55.6
"70","13067030226",16.8,35.4,69.86,168100,77524,31.67,4.5,14.01,1186,53.6
"71","13067030227",16.7,18,61.7,129600,61715,36.42,4.7,11.36,1163,51.2
"72","13067030228",18.2,24.7,35.88,205900,40941,54.86,12,11.4,1064,61.4
"73","13067030229",13.3,25.6,50.16,182500,51004,47.74,8.6,14.39,1011,71.2
"74","13067030230",17.5,28.4,56,205300,66020,38.14,5,11.85,1068,52.5
"75","13067030231",6.5,34.8,93.67,271600,93684,14.5,1.8,6.92,1573,83.5
"76","13067030232",9.4,29.6,87.45,220400,105833,17.09,0.9,13.68,1456,52.2
"77","13067030233",9.8,33.9,92.06,221500,101856,22.63,2.2,14.68,1410,63.7
"78","13067030234",9.2,28.5,95.11,261500,103279,12.15,2.8,10.2,1175,70.1
"79","13067030235",4.4,35.4,95.52,269900,103897,17.2,2.3,19.85,1159,76.8
"80","13067030236",3.1,44.5,95.37,334000,135101,8.15,2.3,11.05,NA,86.5
"81","13067030238",7,39.5,88.13,246100,118407,7.59,2.4,12.45,2000,77.4
"82","13067030239",8.6,36.8,94.07,338400,101853,11.68,3.6,17.35,1422,84.5
"83","13067030310",14.7,22.1,67.59,153500,64359,20.44,5.2,16.96,1222,68.1
"84","13067030311",8,33,84.89,188400,91346,24.11,6,20.53,1246,82.6
"85","13067030312",9.9,33.1,86.36,187100,83028,28.54,0,12.65,1106,75.3
"86","13067030313",8,33.8,80.21,185800,83864,20.44,1.1,15.35,1459,69.5
"87","13067030314",9.9,30.2,89.95,229400,92537,14.18,4.2,17.35,1555,71.2
"88","13067030318",4.1,40.9,93.96,529000,138065,19.22,2.1,20.9,1803,84.6
"89","13067030319",6.2,40.6,86.97,374600,99792,34.11,3.2,20.34,1467,86.3
"90","13067030320",12.5,52.7,65.09,400900,85699,40.52,3.8,25.31,1192,66.8
"91","13067030322",8.5,38.7,86.33,229900,89286,12.7,0.7,20.3,1461,78.1
"92","13067030324",12.8,25.1,80,183400,85714,16.85,2.2,11.81,1396,78.3
"93","13067030326",6.7,39.5,90.58,386700,133274,9.28,1.4,22.16,1817,72.8
"94","13067030327",10,37.3,86.33,245600,98879,20.68,1.5,23.52,1690,79.3
"95","13067030328",6.2,37.8,91.42,315500,120839,15.31,0,20.24,1377,73.7
"96","13067030329",8.1,41,88.93,245900,106181,26.44,3.2,17.77,1574,79.4
"97","13067030330",8.2,40.9,91.07,279700,108011,17.64,1.8,26.34,1491,71.4
"98","13067030331",5.5,42.9,88.1,302800,99449,17.82,1.3,17.04,1875,81.9
"99","13067030332",9.1,43.4,91.35,360400,115855,19.55,3.1,17.56,1683,84.1
"100","13067030333",5.4,45.5,91.47,358400,115603,16.68,3.1,21.04,1688,79.8
"101","13067030334",5.6,44.2,86.82,382000,103194,22.85,3.3,21.5,2000,80.5
"102","13067030335",5.7,48.8,96.13,337700,129097,12.07,2.4,17.68,2000,87.1
"103","13067030336",2.8,46,94.36,475500,147412,10.46,2.3,19.68,2000,80.2
"104","13067030337",4.3,47,94.13,426200,137833,17.86,2,23.59,2000,87.2
"105","13067030339",37.6,38.7,16.72,200600,54700,70.81,3,25.21,1123,54.9
"106","13067030340",3.3,49.6,98.68,339200,133476,8.22,0.7,24.41,NA,73.4
"107","13067030341",9.4,34.3,80.55,232000,90380,18.58,1.7,17.31,1418,78.7
"108","13067030342",7.5,45.2,91.51,314300,112054,15.32,2.9,23.64,1779,85
"109","13067030343",7,44,94.26,368100,112625,11.12,2.6,17.1,1719,85.7
"110","13067030344",36.1,31.6,10.61,97300,45767,66.82,19.7,18.63,1042,26.3
"111","13067030345",37.9,30.1,10.51,244100,54621,49.32,18.3,31.02,1114,20.2
"112","13067030405",25.9,16.7,31.08,121800,42542,50.26,11.2,20.21,1083,57.5
"113","13067030407",10.9,32.8,73.48,207500,78162,39.31,8.5,25.33,1152,73
"114","13067030408",23.5,38.7,59.88,248900,68913,30.97,7.4,18.46,973,61.2
"115","13067030409",8.5,35.6,91.32,314400,115118,20.93,4,18.67,1602,80.1
"116","13067030410",15.9,38.1,47.88,255700,52323,43.42,8.9,14.96,948,59.6
"117","13067030411",17.9,16.3,5.66,95500,34241,44.94,36.8,16.93,859,15.2
"118","13067030412",23.5,23.1,14.19,65300,37336,38.85,26.5,10.43,942,26.6
"119","13067030413",20.7,26.1,10.1,111000,45398,40.22,27.4,15.3,969,38.3
"120","13067030414",23.1,18.6,0,NA,42610,51.36,20.9,16.46,905,16
"121","13067030502",12.2,33.8,77.19,206100,86970,28.65,5.3,16.51,1208,62.2
"122","13067030504",13.3,26.4,62.08,204500,57797,29.01,16.3,22.33,1046,52.4
"123","13067030505",22,25.6,24.31,114000,48419,46.06,10.8,18.82,1006,38.3
"124","13067030506",16.8,20.7,57.83,157800,56908,41.48,6.3,14.98,1089,62.4
"125","13067030507",12.4,27.7,73.53,191300,72421,24.74,6.4,18.42,1534,70.9
"126","13067030601",16.2,37.5,33.84,192100,61537,60.34,8.2,26.37,1123,45.9
"127","13067030602",12.9,31.8,64.75,293900,81708,41.64,3.9,20.83,1187,80.8
"128","13067030700",15.6,15.3,35.94,198300,40192,40,13.6,9.31,907,43.1
"129","13067030800",13.6,16.1,22.14,170100,36531,51.78,30.9,7.19,782,38.4
"130","13067030901",9.5,26.1,67.5,243000,62433,29.87,5.8,19.94,997,65.8
"131","13067030902",22.9,17,44.05,178400,52404,39.68,10,22.27,725,40
"132","13067030904",16.1,13.9,37.26,67800,39152,25.32,25.6,12.41,946,22.5
"133","13067030905",21.4,16,76.65,124800,54219,29.45,15.8,10.48,1247,27
"134","13067031001",16.6,5.7,25.79,77600,26475,35.23,38.7,10.14,831,19.7
"135","13067031002",19.3,7.9,24.67,95500,32332,34.9,29.3,17.33,888,17.4
"136","13067031004",16.9,12.1,40.89,88300,35731,30.6,28.5,13.01,885,25.1
"137","13067031005",13.5,16.1,73.55,127500,61290,22.5,17.4,13.47,1130,24.8
"138","13067031101",21.6,17.8,30.18,149200,45085,36.38,27,12.73,896,33
"139","13067031106",11.6,26,67.98,156800,69871,28.9,8.6,17.37,1045,38.1
"140","13067031108",26.5,34.7,46.98,122100,45833,60.01,12.8,20.02,913,43.6
"141","13067031110",20.4,25.8,42.06,167600,60433,42.52,16.1,21.58,1063,53.4
"142","13067031111",26.9,36.5,68.83,159500,77885,56.78,9.4,17.72,1084,53
"143","13067031112",18,35.4,72.84,284900,99196,33.03,2.9,16.8,1135,65.3
"144","13067031113",25.8,29.1,7.95,195800,34821,63.28,45.5,17.16,817,16.3
"145","13067031114",28.6,22.2,20.75,99600,42463,54.79,18.9,13.37,971,23.8
"146","13067031115",22.3,23.6,47.48,165200,65543,32.94,17.5,22.71,1124,28.5
"147","13067031116",14.7,15.5,50.31,119600,29651,28.38,21.4,19.52,909,31.8
"148","13067031117",13.1,31.5,77.32,229000,88973,26.34,10.5,19.9,965,62.6
"149","13067031118",8.9,32.9,66.47,275600,74471,33.63,8.9,16.35,1241,55.6
"150","13067031205",22.3,36.4,51.4,248300,82283,50.79,6.5,17.87,990,47.6
"151","13067031206",26.6,37.1,48.91,248300,76859,50.59,2.7,18.08,1163,40.5
"152","13067031207",26.1,37.8,29.02,347300,73682,56.99,3.5,26.77,1237,55.3
"153","13067031208",43.6,48,18.54,225900,64968,49.82,4.1,28.8,1054,39.5
"154","13067031209",12.1,42.7,87.98,408300,136271,23.09,2.9,21.63,1474,69.7
"155","13067031211",39.7,45.9,17.39,227900,68625,70.68,0,16.68,1125,39.4
"156","13067031212",8,41.5,95.88,623100,136058,21.48,3.1,20.56,1188,91.7
"157","13067031306",20.4,23.4,71.27,146600,51579,26.01,18.4,5.47,907,43.4
"158","13067031307",9.9,23,74.76,169600,60761,22.77,3.7,18.24,1183,56.7
"159","13067031308",17.9,10.6,45.24,86300,45500,25.43,13.5,10.26,918,24.8
"160","13067031309",10.9,13.2,81.6,93500,48825,21.69,15.8,11.56,1041,19.5
"161","13067031310",17.9,7,22.03,83900,31138,33.06,36.7,7.63,841,7.8
"162","13067031311",16.9,17.2,37.97,109600,41790,32.12,26,8.99,773,11.6
"163","13067031312",19,26.4,74.16,177400,68167,29.92,9,14.76,1100,26.7
"164","13067031313",10.2,36.4,81.62,276800,106296,26.11,3.5,18.33,1660,48.5
"165","13067031404",10.1,18.9,77.49,133500,70886,30.59,4,15.48,1330,41
"166","13067031405",16,24.7,66.77,151100,65781,25.79,16.6,15.06,1123,28.9
"167","13067031406",19.8,19.5,22.9,109200,34772,42.41,21.3,5.92,925,22.2
"168","13067031408",10,10.8,71.36,98900,54474,38.74,3.2,9.49,936,31
"169","13067031409",13.3,16.9,69.72,107900,45292,33.33,16.5,11.72,1045,32.2
"170","13067031503",12.9,22.8,78.63,138600,65000,20.72,10.4,11.87,1063,31.6
"171","13067031505",11.3,27.1,66.16,148000,66429,24.43,8.2,13.83,987,36.4
"172","13067031506",8.2,13.7,74.14,139300,50035,33.39,17.2,11.23,979,39.4
"173","13067031507",12.2,24.3,66.34,121900,50982,23.77,22,8.23,1126,18.9
"174","13067031508",6.9,26.3,79.4,165700,75062,18.24,3.5,10.97,1160,44.7
"175","13067031509",10.8,18.6,83.48,147200,73281,17.49,2.4,17.69,1325,35.1
"176","13077170305",15.8,9.9,35.55,139700,37665,47.99,29.4,2.5,945,45.2
"177","13077170601",15.6,7.9,38.53,163300,34503,29.53,23.4,10.57,775,38.2
"178","13089020100",16.7,37.6,74.13,575500,162500,34.92,2.9,24.93,2000,90.4
"179","13089020200",28.7,34.5,68.08,605000,95809,58.45,7.3,26.38,1067,81.8
"180","13089020300",15.7,36.2,74.28,430100,101923,41.1,3.3,24.54,1259,88.6
"181","13089020400",25.2,43.2,64.64,400300,77000,57.01,6.6,26.43,952,85.2
"182","13089020500",21.3,30,55.23,225800,44960,55.56,15,25.05,803,39.8
"183","13089020600",28.3,26.9,32.15,202400,36908,51.6,33.2,18,1105,31.2
"184","13089020700",23.8,32,61,242000,51339,54.34,12.8,25.14,859,51.6
"185","13089020801",22.7,31.7,86.79,257500,80625,46.48,4.1,28.37,1561,58.1
"186","13089020802",17.7,23.2,65.59,253600,57422,40.29,11.6,12.95,692,33.2
"187","13089020900",23.8,26.3,71.18,202300,65008,50.84,4.2,14.38,1025,46.4
"188","13089021101",8.8,39.7,91.18,542800,158265,25.68,1.2,34.53,NA,79.2
"189","13089021102",21.8,41.1,61.24,431300,83033,62.9,3.3,28.99,1446,77.4
"190","13089021202",13.3,38.7,79.65,361900,95247,39.63,1.5,18.12,1478,79.6
"191","13089021204",28,1.1,2.12,NA,25000,43.14,52.3,15.05,835,3.4
"192","13089021208",22.3,35.7,54.97,238600,58776,48.89,12.6,23.47,1164,58.6
"193","13089021209",22.9,41.2,47.9,326500,64777,56.72,10.8,25.86,1253,63.8
"194","13089021210",7,44.9,95.89,405600,138705,15.73,1.1,22.15,1392,86.5
"195","13089021211",8.2,39.6,93.84,345800,102446,32.76,1.4,26.86,1750,83.3
"196","13089021213",3.9,40.7,95.29,518000,136953,7.33,4.2,23.26,2000,91.9
"197","13089021214",7.3,38.7,97.09,433500,116071,21.18,1.5,21.87,2000,86.2
"198","13089021215",28.8,42.6,27.81,408000,95875,41.01,9,48.35,1359,36.7
"199","13089021216",26.6,46.6,31.08,473300,81554,59.97,4.1,31.72,1382,59.1
"200","13089021217",12.7,35,67.41,330500,75846,36.66,6.6,17.57,1124,66
"201","13089021218",32.8,34.2,27.37,158700,51516,65.81,9.6,20.01,1203,41.1
"202","13089021301",25.1,18,10.9,160400,43138,55.43,20.2,15.59,1024,21.6
"203","13089021303",16,10.7,33.81,120300,37870,28.08,17.7,13.08,904,11.3
"204","13089021305",12.6,20.1,27.99,273400,49234,32.91,21,23.42,934,29.6
"205","13089021306",20,19.4,30.61,149300,47078,41.23,9,16.92,941,20
"206","13089021307",15.6,15.6,41.78,154400,47478,33.36,20.2,17.97,1102,23.6
"207","13089021308",18.1,18.7,43.21,160600,44534,43.32,20.5,11.23,958,29.4
"208","13089021405",28.9,43.9,67.63,380900,126442,49.4,9.4,20.43,1545,71.9
"209","13089021409",27.2,18.3,8.72,218500,40767,48.51,30.3,11.45,954,12.7
"210","13089021410",29.4,25.8,23.45,186700,56642,46.25,29.8,19.01,1029,32.9
"211","13089021411",33.2,50.8,41.07,437500,76818,66.07,4.5,27.58,1414,81.3
"212","13089021412",28.9,52,68.92,364100,114107,41.3,2.4,26.42,1202,80.2
"213","13089021413",21.4,12.8,12.14,294400,37944,38.04,20.8,16.82,973,16.4
"214","13089021414",31.5,21.5,6.12,289000,40926,61.18,25.8,11.41,1110,17.9
"215","13089021415",25,37.7,49.07,479700,92935,54.8,15.1,27.38,1185,63.8
"216","13089021416",29.7,32.9,38.23,299500,80272,41.43,25.8,19.22,934,37.6
"217","13089021417",29,18,6.94,136000,45839,57.78,28.4,20.63,1124,17.5
"218","13089021502",23.8,37.2,53.89,329400,63462,66.96,8.4,17.23,1151,65.8
"219","13089021503",22.4,28.3,30.37,315300,46364,42.84,11.2,16.52,953,42.4
"220","13089021504",27.8,37.9,35.55,348500,60000,67.64,3.7,15.26,1375,72.6
"221","13089021602",14.4,38.8,62.45,313200,69612,58.02,5.6,14.92,1068,77.5
"222","13089021603",25,36.9,40.69,237900,57829,70.23,0,14.96,1210,63.7
"223","13089021604",4.7,33,93.74,431600,136875,32.93,2.2,24.11,1736,77.7
"224","13089021605",18.3,24.8,44.01,369500,60686,49.34,22.3,15.03,1058,48.2
"225","13089021703",4.4,34.7,94.96,386100,137000,29.05,5.1,17.75,1160,76.1
"226","13089021704",7.1,27.3,76.97,279400,83042,28.16,5.6,22.02,1035,76.4
"227","13089021705",31.9,26.6,36.19,199100,41692,61.74,9,19.38,926,41.3
"228","13089021706",20.4,37.1,70.37,318500,69092,43.96,0.8,17.78,1097,61.8
"229","13089021805",12.2,23.5,70.03,178400,54153,38.77,11,17.49,1009,42.2
"230","13089021806",11,26.2,42.27,209800,44320,43.31,12.9,22.28,944,30.5
"231","13089021808",12.8,27.5,61.82,263100,64167,31.69,12.9,14.15,1126,53.8
"232","13089021809",8.1,33.6,94.89,241800,100583,28.85,2.8,18.62,1206,77.8
"233","13089021810",16.5,33.9,63.19,259100,68188,47.28,7,11.38,1452,56.2
"234","13089021812",14.4,23.5,56.53,214600,67679,38.16,8.1,17.23,1135,43.6
"235","13089021813",30.9,17.3,0.28,NA,36063,41.86,22.2,8.17,955,5.4
"236","13089021814",23.3,23.6,29.71,93500,32625,54.37,24.6,23.54,806,24.5
"237","13089021906",11.2,23.6,63.61,83500,40895,36.26,17.8,6.92,976,15.8
"238","13089021907",10.7,17.5,68.17,140700,51164,32.78,12.2,13.14,1007,21
"239","13089021908",12.5,7,29.47,119400,23269,50.19,41.3,17.07,866,12.8
"240","13089021909",18.6,13.7,33.99,79900,33101,43.16,36.8,9.38,892,11.9
"241","13089021910",14,21,63.09,112700,41863,40.48,20.1,13.67,878,15.5
"242","13089021911",18.5,0,18.6,53000,22481,54.55,54,17.5,795,0
"243","13089021912",7.7,35,96.15,339500,131316,20.97,3.8,15.73,NA,59.8
"244","13089021913",20.6,18.5,10.48,81700,27974,46.79,40.8,20.15,761,7.1
"245","13089022001",18.7,34.1,67.79,168900,66263,52.01,12.6,17.91,1114,63.1
"246","13089022004",11.3,18,71.37,135200,49127,23.28,16,10.29,1005,11.5
"247","13089022005",19.8,14.1,28.54,96600,30808,38.85,31.4,6.85,803,12.2
"248","13089022007",19.2,12.4,5.27,90000,27727,30.65,41.4,9.38,855,3.3
"249","13089022008",15.5,14.6,10.45,113600,23630,30.78,46.3,4.08,842,12.1
"250","13089022009",24.5,17.5,6.74,65700,35143,48.18,30.7,12.82,852,8.3
"251","13089022010",13.5,17.6,45.76,140500,56154,16.46,23.7,13.66,880,20
"252","13089022100",21.8,18.2,42.14,126000,35086,42.77,24.6,13.62,687,16.8
"253","13089022203",33.9,38.9,17.05,268200,52292,66.55,7,17.73,1131,45.2
"254","13089022204",19.6,24.4,22.79,159100,41808,37.78,21.1,11.5,982,30.8
"255","13089022301",24.1,30.6,55.67,225100,62851,60.51,6.6,14.46,1084,76.8
"256","13089022302",14.4,35.5,52.82,248300,71667,50.05,13.4,14.74,1045,74.2
"257","13089022401",20.6,35.5,58.13,460900,78800,57.07,8.8,21.6,1347,82.5
"258","13089022402",6,32.5,23.69,305800,35104,82.26,3.3,5.71,1347,44.9
"259","13089022403",8.9,31.2,85.18,533300,138750,25.04,0.8,30.06,998,88.8
"260","13089022500",9.9,33.6,57.98,388900,62833,43.02,14.9,19.23,525,59.9
"261","13089022600",16.1,37.1,59.6,336400,72308,52.88,2,24.57,894,74.1
"262","13089022700",12.4,31.8,79.88,377600,101202,29.66,9.9,21.61,973,66.9
"263","13089022800",8.5,35.4,82.28,433800,115733,32.92,3.7,19.45,1032,64.4
"264","13089022900",13.6,28.1,76.24,221500,67554,46.64,4.1,15.31,917,60.7
"265","13089023000",11.1,31.5,74.36,314000,66250,51.26,1,23.77,1079,82.5
"266","13089023101",16.3,20.2,60.67,102300,48199,41.53,14.9,13.44,1065,22.5
"267","13089023102",12.6,23.3,46.01,253400,37260,43.97,14.8,15.9,757,31.2
"268","13089023107",12.8,10.7,46.78,87900,38175,35,26,5.95,1079,15
"269","13089023108",14,11.4,38.66,83600,30417,48.36,32.5,13.64,897,5.9
"270","13089023111",10,16,56.77,96100,52538,28.93,15.5,8.15,1320,9.6
"271","13089023112",19.5,7.2,8.08,87500,26124,51.36,36.2,16.4,768,3.2
"272","13089023113",22.5,19,21.15,168600,28535,55,28.1,20.07,709,24.9
"273","13089023114",16.9,23.1,69.58,98700,55115,34.15,23.7,8.78,1106,17.4
"274","13089023115",32.8,6,NA,NA,NA,NA,NA,NA,NA,7.4
"275","13089023204",9.6,16.9,60.86,104900,45730,30.43,23,12.65,1260,11.2
"276","13089023206",12.1,15.1,58.58,78900,46167,36.79,18.5,11.01,1153,7.3
"277","13089023208",17.4,12.6,55.22,81000,41334,34.73,18.7,14.05,1050,8.4
"278","13089023209",13.7,19.3,72.86,101500,59449,20.68,13.2,10.94,1273,3.8
"279","13089023210",18.1,20.5,45.49,88700,41321,41.22,15.9,10.64,984,4.6
"280","13089023211",12.6,23.4,62.55,110000,54009,36.66,7.2,6.06,939,0.7
"281","13089023212",13.5,19.9,64,112900,62256,40.36,10.1,12.19,984,4.2
"282","13089023213",15.6,18.2,53.26,118200,44138,32.73,13.7,6.71,987,1.7
"283","13089023214",23,15.5,46.78,108100,46625,34.84,19.8,11.87,882,1.6
"284","13089023303",13.5,14.4,57.03,107500,44798,35.5,15.1,6.57,921,5.7
"285","13089023306",9.9,18,84.68,130100,53382,24.87,14.9,12.71,1408,2
"286","13089023309",13.9,13.4,55.28,75200,45396,38.82,16.2,10.75,1069,1.2
"287","13089023310",14.2,16.1,20.07,87000,35392,49.17,27,1.98,942,2.4
"288","13089023311",9.1,21.1,72.75,137400,79500,26.72,10.7,12.97,1524,4.7
"289","13089023312",10.1,27.8,78.91,147500,60184,27.25,9,17.26,1139,3.3
"290","13089023313",13.4,15.7,67.13,86800,43298,29.68,19.4,8.25,1143,3.2
"291","13089023314",11.6,14.9,72.69,92400,48141,34.88,6.5,17.22,1066,4.1
"292","13089023315",9.1,23.9,85.07,137200,57879,27.06,5.6,8.96,1427,6
"293","13089023316",11.4,23.1,72.05,133300,62002,27.15,6.9,9.37,1170,3.1
"294","13089023410",15.2,10,35.72,90800,31280,38.64,22.1,9.47,835,0.7
"295","13089023411",12,9.4,61.22,77700,40802,29.66,19.7,8.72,852,1.7
"296","13089023412",16,14.8,74.1,97000,50495,30.67,10.9,9.76,842,1.3
"297","13089023413",10.8,13.6,82.67,96300,50964,24.47,9.5,11.47,1100,5.4
"298","13089023414",13.7,18.1,70.09,135400,57120,25.81,11.8,9.6,946,1.8
"299","13089023416",12.4,17.7,60.97,118900,61714,33.32,13.7,6.64,1130,2.8
"300","13089023418",17.7,28.6,53.4,125100,49930,34.6,10.8,7.39,993,5.6
"301","13089023419",14.3,21.7,78.61,139600,59929,27.11,10.5,10.07,1005,1.6
"302","13089023421",20.9,20.3,38.84,67900,40030,42.58,27.4,14.27,921,2
"303","13089023422",16.2,17.1,75.61,90400,57401,26.13,12.3,8.84,1282,2.7
"304","13089023423",15.7,20.2,78.07,128500,69950,31.04,5.5,12.16,1171,2.7
"305","13089023424",17.4,16.6,81.22,118600,60717,21.95,10.1,13.27,1536,3.8
"306","13089023425",18.2,16.7,70.48,1e+05,57748,32.58,7.1,12.52,1033,2.5
"307","13089023426",9.9,17.5,77.31,122400,68188,32.29,8,15.53,1339,0.5
"308","13089023427",15.5,27.9,77.64,126200,63864,26.16,5.6,22.19,1151,3.4
"309","13089023428",18.5,13.2,28.96,69300,37827,39.62,20.1,14.09,925,2.2
"310","13089023501",15.2,11,32.28,79200,31649,37.31,25.7,8.46,876,7
"311","13089023504",12.5,6.7,33.11,81200,24098,41.03,39.3,4.1,860,3.3
"312","13089023505",12.3,15.2,67.02,84700,44155,32.3,9.6,9.21,1119,2.9
"313","13089023506",9.8,11.4,61.12,85200,41330,37.89,20.2,12.27,964,5.1
"314","13089023507",13.4,10.6,69.65,77000,42817,40.44,15.3,13.11,948,4
"315","13089023601",18.7,19.5,63.74,119100,59856,49.4,16.3,15.07,992,26.1
"316","13089023602",14.5,9.6,59.82,75500,38688,46.17,20.1,12.79,996,8.4
"317","13089023603",12.1,13.7,47.92,87800,31292,43.16,28.3,18.01,885,6.8
"318","13089023700",15,20.5,34.16,111300,33678,56.18,19.5,11.68,942,16.6
"319","13089023801",18.1,17.6,72.79,166600,62521,50.16,2.3,14.01,873,26.1
"320","13089023802",22,13.2,34.11,121600,37328,38.47,29.1,8.8,1042,19.1
"321","13089023803",15.3,12.4,66.53,92500,42332,39.38,18.9,10.98,1058,12.8
"322","13089980000",NA,NA,NA,NA,NA,NA,NA,NA,NA,NA
"323","13097080301",11.5,8.3,56.79,93400,37414,31.2,25.1,9.87,954,17.1
"324","13121000100",10.4,39.6,84.04,625700,138276,34,3.1,31.84,1352,90.8
"325","13121000200",18.3,41.4,75.95,514000,106045,56.27,0,29.81,1171,86.8
"326","13121000400",15.7,32.9,68.25,382600,92361,62.77,1.9,26.17,1325,82.2
"327","13121000500",25.9,39.7,57.15,319000,92176,66.68,4.3,31.46,1291,64.7
"328","13121000600",28.1,31.3,17.04,172600,44554,89.41,7.6,25.1,1275,43.9
"329","13121000700",29.2,9.8,69.4,234400,69722,66.57,4.3,22.57,1141,25.4
"330","13121001001",28.9,44,48.76,261700,75556,78.26,2.9,16.31,1438,55.7
"331","13121001002",5.2,48.7,0.4,NA,25882,91.28,22,8.63,1170,47.6
"332","13121001100",31.5,37.7,42.64,263300,88125,77.37,6.1,31.73,1276,66.3
"333","13121001201",37.6,25.9,37.18,242200,55797,77.35,2.4,21.52,1145,78.9
"334","13121001202",39.4,38.7,47.07,208100,75195,81.86,0,30.88,1175,63
"335","13121001300",33.1,34.5,41.66,325600,59756,74.14,5.2,18.57,1017,61.6
"336","13121001400",36,40.9,51.51,372000,77238,77.82,5.6,24.31,1145,82.8
"337","13121001500",33.3,37,37.66,510700,60356,78.21,0,30.88,915,75.9
"338","13121001600",41.7,39,29.68,386700,64412,71.93,8.1,21.3,1264,71.8
"339","13121001700",32.2,32.8,29.08,251000,54348,66.97,13.3,21.28,1253,40.6
"340","13121001800",23.2,24.4,21.99,137700,32014,80.07,40.5,13.84,731,41
"341","13121001900",19.5,22.7,31.92,169900,58693,84.56,8.7,24.32,1210,46.3
"342","13121002100",25.1,14.9,28.21,223900,38068,62.28,32.8,20.26,940,25.7
"343","13121002300",13.7,7.6,20.5,71500,26793,54.75,24.1,9.16,764,5.9
"344","13121002400",12.3,12.3,38.52,95400,30000,52.02,28.5,9.92,858,2.3
"345","13121002500",26.4,17.6,15.12,157000,23767,65.2,36.7,7.94,820,4.3
"346","13121002600",19.9,8.7,13.9,88200,23598,51.9,54.5,8.85,926,2.4
"347","13121002800",13.2,26.9,11.93,142400,21851,80.89,29.2,15.15,920,28.2
"348","13121002900",38.6,30.2,28.9,232100,60083,76.9,1.7,21.88,1238,48.2
"349","13121003000",34.7,47.5,57.1,362100,89029,69.01,0,19,1206,81.2
"350","13121003100",29.4,28.7,42.67,227900,43170,58.62,10.3,24.17,867,56.3
"351","13121003200",41.1,35.9,62.6,220000,70000,72.31,2.1,21.66,1200,74.3
"352","13121003500",24.1,19.8,36.08,165200,53781,81.77,0,28.29,1144,32
"353","13121003600",32.4,24.2,25.84,152500,38558,84.71,23.1,18.74,804,10.4
"354","13121003700",0,43.2,0,NA,23839,100,NA,34.15,NA,0
"355","13121003800",3.6,22.1,18.71,141100,22000,79.89,8.1,7.93,575,18.1
"356","13121003900",12.9,15.3,25.69,65400,29403,40.36,31.6,6.23,930,1
"357","13121004000",16.7,10.7,45.16,56700,27167,51.85,30.1,8.38,888,0.6
"358","13121004100",19.6,10.6,22.65,112500,30956,44.54,27.2,10.62,899,5.1
"359","13121004200",16,18,22.73,106100,17843,72.96,30.4,15.75,469,7.2
"360","13121004300",11.7,12.2,15.73,270200,28016,68.11,37.4,7.76,889,13.7
"361","13121004400",19.1,14.4,6.14,NA,19754,55.19,41.7,17.82,734,0.7
"362","13121004800",25.8,23.9,6.92,NA,17500,72.5,41.8,13.13,861,23.5
"363","13121004900",24.2,35.9,58.5,228700,66786,50,16.6,23.89,872,51.2
"364","13121005000",24.6,36.4,63.45,307700,61607,67.95,3.1,17.64,1196,71.6
"365","13121005200",32.3,33.9,58.16,249100,88591,51.79,11.9,23.04,1333,62.7
"366","13121005300",22.2,41.8,71.4,286100,95259,46.14,11.6,31.58,1370,63.7
"367","13121005501",19.2,17.8,32.58,160500,20000,55.36,44,7.51,922,15.7
"368","13121005502",14.2,13.5,16.6,82000,16675,65.13,35.5,20.25,704,5.9
"369","13121005700",21.9,9.3,9.02,NA,17782,58.87,37,13.19,753,2
"370","13121005800",18.8,17,44.38,86000,30652,43.79,33.4,10.04,1011,14
"371","13121006000",11.4,11.3,32.57,98500,31909,58.33,36.2,15.32,829,3.9
"372","13121006100",10.1,8.3,44.5,62700,30256,35.5,34.4,12.01,1038,1.3
"373","13121006200",12.4,8.6,47.16,88300,24625,40.04,27.1,19.7,744,4.7
"374","13121006300",15.7,4.5,35.84,56700,24509,48.97,42.4,15.18,928,4
"375","13121006400",25.9,16.1,37.51,93800,44028,34.1,19.3,21.58,691,11.1
"376","13121006500",11.9,11.2,50.51,71900,40375,49.25,29.4,12.62,1189,10.4
"377","13121006601",18.3,10.2,43.96,78300,29674,53.65,22.6,17.57,937,15.1
"378","13121006602",12.9,0,18.66,83200,17857,40.37,58.8,10.18,798,0
"379","13121006700",10.9,17.3,34.77,71700,20895,58.91,40.5,3.12,834,5.9
"380","13121006801",23.5,2.7,NA,NA,NA,NA,NA,NA,NA,22.2
"381","13121006802",9.6,0,8.74,80700,6815,26.49,89.4,0,721,0
"382","13121006900",22.4,12.6,43.78,174500,51429,44.98,24.4,22.63,933,32.9
"383","13121007001",11.8,9.2,44.1,84800,19939,40.09,37.2,9.24,821,2.9
"384","13121007002",19.9,13.4,29.42,65800,33536,46.28,38.9,15.2,884,3.3
"385","13121007100",13,7.9,41.32,73300,20938,44.71,29.9,6.78,825,3.6
"386","13121007200",14.5,10.8,37.7,72300,24297,35.31,28.8,10.82,937,1
"387","13121007300",17.1,8.1,21.71,68700,22180,39.19,50.3,17.5,797,2
"388","13121007400",14.9,8.7,23.19,71700,17953,59.98,48.1,9.8,704,6.4
"389","13121007500",13.9,10.9,33.73,57400,20051,70.95,33.7,9.75,655,8
"390","13121007602",11.5,14.8,46.45,70900,31951,38.54,27.6,12.11,876,1.1
"391","13121007603",20.6,6.4,5.22,NA,13819,59.98,57.9,10.13,688,1.1
"392","13121007604",19.3,11.6,15.5,91600,15493,57,46.4,9.76,784,0.8
"393","13121007703",13.6,16,54.3,89900,40058,39.92,14.3,9.22,840,0.8
"394","13121007704",19.3,14.1,43.22,107500,31537,41.36,26.6,12.88,874,1.6
"395","13121007705",18.1,18.9,25.81,93300,20756,51.74,43.2,17.83,823,2
"396","13121007706",19.7,16.3,28.58,140800,39451,53.69,9.9,14.39,977,1.9
"397","13121007802",10.4,19.5,58.27,143200,46917,39.27,21.4,7.43,858,0.4
"398","13121007805",3.3,12,41,96700,29253,50.76,25.1,17.12,793,1.6
"399","13121007806",11.8,9.4,46.85,73000,27174,44.9,32.3,10.87,864,0.8
"400","13121007807",14.3,8.8,24.16,62500,18841,35.18,57.8,11.07,786,0.1
"401","13121007808",9.7,6.3,6.17,75000,11715,31.71,79,10.41,623,0
"402","13121007900",15.9,20.3,70.49,109600,56085,37.11,7.6,8.68,1362,3.2
"403","13121008000",10.1,10.1,50.7,81500,40685,33.65,20,15.22,1038,3.7
"404","13121008101",8.9,10.6,71.45,72300,28924,34.43,30.9,3.52,1067,0.6
"405","13121008102",14.4,6.5,28.07,81900,22673,42.8,33.7,3.64,752,0.1
"406","13121008201",17.9,17.8,40.48,73800,28745,55.15,16.1,2.62,856,3.5
"407","13121008202",16.2,12,37.14,61700,28355,36.71,32,10.64,930,1.1
"408","13121008301",14.1,13,44.49,60700,31977,47.99,18.2,12.75,889,6.3
"409","13121008302",16.7,15.7,57.3,66400,27869,61.14,23.8,10.21,904,1.1
"410","13121008400",9.8,10.2,23.83,67200,20625,68.05,51.1,9.14,669,11.9
"411","13121008500",9.9,11.3,49.7,64000,28556,51.28,7.9,22.34,993,2.2
"412","13121008601",18.6,10.1,33.55,62200,20777,45.93,48.8,7.72,648,2.2
"413","13121008602",15.1,14.4,37.29,96300,35649,51.81,15,16.98,938,9.3
"414","13121008700",17.7,18.3,29.03,115600,27395,64.48,32.3,14.55,741,9.1
"415","13121008800",21.2,40.9,66.21,267000,94196,34.3,3.8,26.93,1478,64.5
"416","13121008902",36.5,37.8,35.15,236200,60802,76.36,7.1,18.15,1180,54.6
"417","13121008903",39.8,32.6,36.11,157700,64323,59.31,12.2,17.61,956,29
"418","13121008904",27.1,49.2,56.23,178600,77055,58.64,11.3,24.06,1188,71.2
"419","13121009000",20.5,45.8,72.89,615200,104459,41.77,0,30.23,1251,81.9
"420","13121009101",40.3,42.5,42.93,258500,73651,72.23,2.7,29.39,1305,75.1
"421","13121009102",29.2,34.5,43.54,518000,52339,75.44,7.8,25.87,960,59.3
"422","13121009200",30.3,40,24.65,287100,64902,72.64,16.4,15.9,1160,50.6
"423","13121009300",27.8,48.5,65.36,447900,88389,59.26,0,24.9,1158,87.6
"424","13121009402",50.6,51.2,9.59,191100,64342,73.04,22.6,23.51,1340,48
"425","13121009403",32.9,32.7,15.03,152500,42708,76.83,6.5,12.24,1103,39.6
"426","13121009404",31.1,47.9,58.94,261900,70970,64.73,2.1,21.35,1413,66.5
"427","13121009501",3.8,42.3,86.49,890000,127288,33.51,0,38.96,1440,96.6
"428","13121009502",17.1,42,45.19,212200,71307,66.5,4.3,32.95,1222,69.4
"429","13121009601",29.7,51.1,39.08,308700,93576,71.24,8.5,29.08,1470,77.8
"430","13121009602",16.1,37,58.5,410500,100142,57.88,3.3,24.23,1500,74
"431","13121009603",34.8,49.3,45.95,382700,67063,68.53,5.2,24.74,1051,66.3
"432","13121009700",7,37.7,93.83,879700,181250,19.05,2.9,33.53,1800,88.9
"433","13121009801",3.3,36.8,86.37,772800,117422,39.76,1.7,31.17,1074,91.7
"434","13121009802",8.4,44.5,71.3,1039400,142727,40.29,2.4,28.21,1584,83.2
"435","13121009900",8.7,48.9,82.07,854300,133438,47.15,0,20.28,1261,90.4
"436","13121010001",11.1,51.9,81.75,345500,101132,60.43,0.4,24.45,1250,80.3
"437","13121010002",19.5,50.9,72.81,653700,140795,47.41,0.3,29.31,1804,85.2
"438","13121010106",20.2,40.6,55.15,462500,66288,42.44,5.4,24.35,1102,64.8
"439","13121010107",2.5,52.3,90.99,639700,159792,10.22,1.6,27.1,NA,94.4
"440","13121010108",6.1,35,87.05,550100,147500,23.67,1.9,29.13,1150,80.2
"441","13121010110",21.2,38.1,45.94,280600,71606,55.58,7.4,27.79,1323,56.7
"442","13121010113",26.1,43.3,18.46,416500,51724,54.41,19.6,16.74,1080,36.2
"443","13121010114",24.9,39.8,45.19,444100,54257,51.67,8.9,21.43,1004,60.3
"444","13121010115",16.1,43.8,64.23,623900,108375,39.05,1.4,29.51,1337,79
"445","13121010117",36.8,33.6,9.22,110200,50789,67.99,2.9,14.11,1075,33.5
"446","13121010118",23.2,22.2,19.17,407200,40950,50.45,25.2,24.87,965,29.7
"447","13121010119",23.5,27.8,16.04,146400,42043,60.52,34.6,12.41,1026,24.8
"448","13121010120",33.2,26.7,34.84,156600,63612,60.87,5.5,19.44,1189,57.4
"449","13121010121",20.9,40.1,70.18,237300,80985,59.94,5,16.53,1229,83.3
"450","13121010122",34,45.6,38.43,432700,84063,42.12,3.3,37.36,1228,44.5
"451","13121010123",16.3,30.9,46.05,184500,69313,52.47,13.8,21.56,1206,44.1
"452","13121010204",5.3,40.3,98.35,567300,147917,17.66,3.2,29.26,2000,93.8
"453","13121010205",14.6,41.6,82.12,388300,101680,43.13,2.5,22.51,1644,86.8
"454","13121010206",6.9,36.1,92.07,863200,184400,29.22,0.9,23.02,1125,82.7
"455","13121010208",25.7,36.8,30.83,504300,51335,60.24,6.9,27.29,975,50
"456","13121010209",24.1,35.7,26.57,114600,56445,59.15,5,23.91,976,37.2
"457","13121010210",21.5,43.6,61.96,344800,70591,37.49,3.5,26.91,1003,63.6
"458","13121010211",11.6,33.9,84.95,774500,155469,23.3,3.5,19.39,1017,83.6
"459","13121010212",15.5,28,35.44,412700,52500,37.75,16.6,25.85,1067,43.5
"460","13121010301",11.3,26.2,76.81,168600,66188,34.96,7.1,11.05,1042,9.1
"461","13121010303",17.7,24.6,67.83,200700,61804,43.87,5.7,17.03,1103,0.7
"462","13121010304",10.5,35.9,83.33,199600,77074,27,3.5,12.67,1318,3.1
"463","13121010400",13.1,14.4,76.76,133200,51038,25.18,15.6,11.85,887,46.6
"464","13121010507",16.9,13.3,51.29,94200,33786,41.02,27.2,9.82,858,1.6
"465","13121010508",11.8,14.2,77.82,81900,47000,36.39,20.6,7.8,1113,3.9
"466","13121010510",15.7,17.2,46.35,123400,37185,50.6,15.4,12.38,862,5.2
"467","13121010511",13.3,24.2,82.2,88300,55270,34.23,9.5,15.9,1154,4.8
"468","13121010512",20.3,22.3,21.47,69000,30130,42.23,27.4,12.82,883,4.4
"469","13121010513",15,18,61.62,93200,42348,35.53,19.4,7.51,1042,11.2
"470","13121010514",14.8,14.5,62.27,128000,53968,32.02,2.9,6.94,959,12.5
"471","13121010515",15.9,18.2,57.54,88100,43819,43.31,10.9,12.8,760,13.4
"472","13121010516",17.1,14,66.79,79100,50799,28.21,22,8.59,1141,2.3
"473","13121010601",14.1,15.6,37.14,196600,32288,54.04,27.5,15.56,825,28.3
"474","13121010603",16.4,10.9,17.23,129300,25370,44.01,40.8,8.91,730,0.9
"475","13121010604",17.9,12.5,36.71,97700,31771,56.58,27.2,9.54,793,7.8
"476","13121010800",20.4,16,32.56,100800,43326,58.92,10.6,10.74,975,33.2
"477","13121011000",16,5.2,31.76,68200,22863,42.05,44.6,12.52,770,5.3
"478","13121011100",14.3,13.8,69.36,148300,49638,64.66,0,11.26,810,36.5
"479","13121011201",16.7,18,38.52,65100,36063,46.82,22.6,9.93,962,13.4
"480","13121011202",13.5,16.3,50.14,88000,40607,48.3,29.4,9.96,884,21.5
"481","13121011301",10.4,20.9,80.15,82200,48523,45.79,18.7,16.14,1318,7.3
"482","13121011303",17.1,20.8,40.69,102200,43502,49.26,21.1,9.73,975,3.5
"483","13121011305",15.6,15.6,15.76,82400,25141,55.36,35.6,16.32,837,1.9
"484","13121011306",16.2,10.5,42.15,86600,35000,40.11,19.4,8.53,839,7.5
"485","13121011405",25.1,24.5,36.72,264100,60000,37.54,13.5,31.32,1035,46.1
"486","13121011410",7.5,44.1,75.88,389100,109618,27.38,0.8,22.47,1096,78.4
"487","13121011411",12.7,33.7,61.78,248100,73500,27.49,3.2,20.14,1121,68.9
"488","13121011412",13.9,43.9,65.37,263700,80458,34.81,2.6,23.03,1136,65.5
"489","13121011414",19.2,36.7,51.58,347500,69519,34.44,1.6,18.45,1086,59.6
"490","13121011416",6.8,36.9,88.41,280200,101837,36.1,2.7,21.65,1360,78
"491","13121011417",8.7,38.8,79.13,299600,95212,34.89,3.4,21.57,2000,76.2
"492","13121011418",7.7,42.8,92.79,335600,125690,23.46,0.8,22.77,2000,92.7
"493","13121011419",5,43.6,90.12,318100,101094,41.32,4.1,24.84,1790,76.7
"494","13121011420",26.4,13.5,13.33,127700,36667,34.35,31.5,21.32,994,15.3
"495","13121011421",23.2,21.8,17.75,163700,45500,46.33,18.2,15.73,1067,28.5
"496","13121011422",13.4,34.9,57.59,308000,65950,38.23,4.9,19.32,1060,69.5
"497","13121011423",12.9,40.8,80.42,336700,108454,19.86,3.6,18.32,1243,80.4
"498","13121011424",12.8,38.1,83.24,289600,98415,31.23,0.9,22.94,1348,62.7
"499","13121011425",4.8,43.7,83.61,643500,187750,11.07,2.4,22.66,1307,64.7
"500","13121011426",10,29.4,74.39,373500,95481,18.63,8.8,22,1551,58.8
"501","13121011427",6,42.7,86.1,288100,106709,27.98,2.1,19.74,1662,72
"502","13121011503",4.6,46.5,90.97,442500,139743,14.39,3.3,18.02,2000,80.1
"503","13121011504",3.6,49.9,93.03,614800,171809,11.16,1.8,21.88,2000,87.2
"504","13121011505",7.5,52.2,94.1,423300,175994,10.08,0,22.02,2000,82.5
"505","13121011506",6.7,48.3,93.7,415900,149167,16.73,2.5,21.71,964,86.6
"506","13121011610",9.8,42,71.36,333100,99278,20.66,8.2,20.73,1329,72.1
"507","13121011611",19.1,31.5,36.53,174800,58359,45.52,8.2,21.14,1209,46.5
"508","13121011612",2.9,38.7,96.34,436300,108800,12.99,3.4,25.45,2000,68.3
"509","13121011613",8.7,34.8,64.01,296800,94127,23.78,8.6,18.15,1285,54
"510","13121011614",15.6,33.3,42.8,199600,69732,30.23,7.6,20.3,1186,44.7
"511","13121011615",4.1,43.8,88.06,381600,145606,21.29,1.1,20.53,1732,74.8
"512","13121011616",20.3,28.5,30.24,197800,62471,39.41,3.7,33,1175,42.7
"513","13121011617",8.6,45.1,81.96,339900,104444,28.32,1.4,22.24,1264,68.9
"514","13121011618",7.3,43,67.84,540400,103750,23.46,6.1,29.69,1245,58.3
"515","13121011619",20.3,34.8,44.48,378900,71048,29.06,5.9,34.45,1200,41.1
"516","13121011620",9.7,44.2,85.91,325600,105151,13.05,4.5,27.55,1426,59
"517","13121011621",10.1,42.5,71.14,475200,152027,15.76,7.7,19.68,1233,62.5
"518","13121011622",4.4,38.3,91.21,354800,137344,8.46,6,26.17,1772,38.6
"519","13121011623",7.3,41,72.6,351300,96609,20.5,6.9,27.2,1230,52.4
"520","13121011624",4.8,41.9,96.63,440000,168167,4.46,0.5,26.62,2000,67
"521","13121011625",6.3,37.8,67.39,387800,103919,14.19,3,26.29,1354,52.3
"522","13121011626",8.2,33.2,61.93,313300,90021,17.38,5.7,27.05,1421,45.8
"523","13121011800",20.5,23.1,14.19,236500,14068,74.25,26.5,25.34,843,17.8
"524","13121011900",20,19.9,9.56,154400,23185,90.04,41.2,17.77,890,34.1
"525","13121012000",18.4,9.8,27.8,104900,19841,69.83,38.8,20.55,751,3.9
"526","13121012300",20.4,20.8,44.21,195600,55435,52.06,7.9,9.79,799,36.5
"527","13121980000",NA,NA,NA,NA,NA,NA,NA,NA,NA,NA
"528","13135050103",13,22.1,77.17,165200,69571,19.83,7.4,11.43,1140,61.4
"529","13135050105",14.4,6.3,49.41,88000,36458,24.76,17.2,11.35,798,37.6
"530","13135050106",15.4,18.9,64.99,166300,62924,26.28,10,12.69,928,45.8
"531","13135050107",9.2,21.6,87.3,207100,86971,16.73,3.5,10.74,1432,65.3
"532","13135050108",6.6,38.7,92.68,264300,116412,11.5,2.6,16.45,1495,68.5
"533","13135050109",11,25.4,73.29,168200,64706,20.25,9.7,12.77,1254,47
"534","13135050205",15.9,22.3,46.76,161500,61298,37.1,4.7,12.55,1138,45.4
"535","13135050208",12.6,23.9,59.34,156200,62255,34.4,5.1,7.83,1129,36.7
"536","13135050209",19,31.5,54.45,161600,54167,30.85,14.8,10.99,1147,29
"537","13135050210",16.8,34.8,48.54,209800,74517,31.49,11.3,15.85,1317,45.7
"538","13135050211",21,13.7,28.01,149000,31758,28.96,19.3,13.51,891,11.6
"539","13135050212",7.9,40,94.07,324400,105844,11.43,1.2,19.09,1743,70.9
"540","13135050213",9.1,31.7,85.31,236700,93338,6.81,9.2,15.14,1693,48.5
"541","13135050214",13.6,33.1,84.12,220500,84511,16.27,6.9,17.65,1277,49.7
"542","13135050215",20.8,34.7,19.58,269700,52813,34.98,20.1,15.24,1267,20.8
"543","13135050216",9.6,30.2,74.3,277800,93043,21.87,4.1,19.22,1731,37.7
"544","13135050217",10,36.5,67.18,334200,72949,21.57,4.2,17.75,1202,40.8
"545","13135050218",11.7,14.6,54.42,152900,61371,30.34,6.5,14.87,1265,34.5
"546","13135050219",12.5,29.2,65.66,170800,62228,34,8.5,15.12,1011,39.2
"547","13135050220",19.1,31.8,22.88,250300,41964,49.45,20.6,15.25,1053,33.2
"548","13135050304",22,18,21.6,99500,33530,47.65,21,13.79,928,22.4
"549","13135050306",19.7,8.9,46.61,116700,47552,26.09,26.2,22.05,1062,11.5
"550","13135050308",9.5,41.2,89.84,441700,125500,12.32,1.2,19.03,1880,78.1
"551","13135050309",12.3,36.5,70.99,294500,89741,31.69,4.9,27.06,946,48
"552","13135050310",15,32.4,61.83,184900,66300,43.18,2.4,19.22,1178,57.3
"553","13135050311",12.5,35.3,76.01,258300,102813,34.36,5.5,22.94,1318,61.8
"554","13135050313",15,15.6,56.51,157600,40972,23.42,19.9,14.43,1101,32.1
"555","13135050314",18.2,19.3,45.91,120800,54131,34.18,11.4,17.93,1149,22.1
"556","13135050315",16.8,25.5,29.99,213800,43285,45.84,15.1,15.08,905,36.2
"557","13135050317",27.6,24.5,4.82,82100,37250,54.28,26.3,15.14,931,18.3
"558","13135050318",22.6,34.3,19.09,113800,58203,47.51,10.9,23.62,1139,16.6
"559","13135050319",18.5,10.2,31.02,112300,34464,28.48,28.7,15.1,958,12
"560","13135050320",20.2,5.6,29.84,111900,34712,29.51,26.3,7.64,930,12.2
"561","13135050321",6.3,41.7,95.73,385300,131375,14,2.2,28.06,2000,84.9
"562","13135050322",6.2,47.5,94.29,356000,125313,10.67,1.3,21.89,1857,90.2
"563","13135050410",16.7,16.2,44.61,124200,45299,27.86,24.3,15,1014,22.3
"564","13135050415",14.1,25.2,86.02,173200,68036,28.72,5,13.95,1301,40
"565","13135050416",11,22.5,69.34,95800,57171,29.09,18.9,11.66,1185,22
"566","13135050417",23.6,6.7,27.9,105000,27173,40.79,32.6,7.94,894,7.7
"567","13135050418",27.5,13.2,25.68,96400,32500,37.58,35.6,17.27,903,7.4
"568","13135050419",21.4,11.3,56.77,114400,51559,24.95,21.4,15.83,911,17.3
"569","13135050421",20.9,14.6,31.68,87000,33709,33.6,31.4,16.52,885,17.2
"570","13135050422",22,9.4,34.74,119200,37928,22.08,30.1,8.18,970,9.8
"571","13135050423",17.8,17.2,59.28,129600,43708,26.72,9,15.06,984,17.8
"572","13135050424",20.2,15.7,41.41,112000,36576,30.28,21,17.8,935,13.3
"573","13135050425",8.1,29.8,82.46,220600,85144,14.97,5.4,16.67,1308,62.8
"574","13135050426",9.5,26.9,77.78,170900,78690,20.41,8.6,17.5,1445,63.3
"575","13135050427",9.9,27.9,79.38,183200,76550,23.34,4.7,17.76,1062,60.4
"576","13135050428",6.4,26.2,85.37,220800,81875,19.69,6.4,12.32,1339,51.4
"577","13135050429",9,28.3,91.03,176500,89938,14.25,2.3,16.08,1375,53.7
"578","13135050430",12.5,24.2,73.24,156400,61296,26.96,9.5,11.82,950,51.6
"579","13135050431",20.5,18.9,47.69,235800,42460,27.7,16.3,9.08,985,14.8
"580","13135050432",14.3,19,72.43,134600,63257,24.24,12.6,12.99,1403,28
"581","13135050433",21.9,17.6,37.14,135600,41838,43.16,12.3,13.39,905,24.6
"582","13135050434",25.8,8.9,22.41,144900,36278,34.74,31.8,11.44,900,13.8
"583","13135050435",18.2,14,55.49,112300,50108,28.08,15,12.8,884,30.6
"584","13135050436",13.2,13,45.97,146300,46932,34.66,14.3,6.67,961,19.1
"585","13135050511",11,21.3,69.02,155500,54082,21.1,15.8,16.83,1043,21.5
"586","13135050520",15,12.7,27.89,193600,40286,41.28,15.6,13.82,866,31.1
"587","13135050521",15.5,12.8,60.38,154100,50429,27.39,18,12.06,849,37.7
"588","13135050522",15.3,13.7,51.4,122000,30505,38.11,31.3,9.99,744,36.9
"589","13135050523",18,21.7,40.96,174300,56395,37.04,4.8,16.82,978,30.4
"590","13135050524",11.8,8.9,38.38,109900,41610,26.38,16.5,10.6,1125,15.9
"591","13135050525",8.4,29.5,80.92,169400,76765,17.55,4.8,11.13,1607,47.9
"592","13135050526",24.7,17.2,38.29,106500,47404,39.57,20.7,12.94,1066,17.1
"593","13135050527",14.3,28.1,80.77,181000,80804,15.14,6.7,14.52,1640,54.8
"594","13135050528",11.4,28,92.53,215300,91134,16.45,5.2,14.9,1228,60
"595","13135050529",14,30.4,70.39,158700,56944,25.58,7.9,13.73,1141,42.3
"596","13135050530",12.3,28.8,86.73,202100,90060,20.08,2.9,13.39,1566,49.4
"597","13135050531",10.2,20.6,59.72,141500,56916,15.04,13.2,14.05,1337,21.3
"598","13135050532",17.5,21.1,71.77,141000,60556,29.92,10.4,13.1,1164,36.5
"599","13135050533",8.2,13.9,69.26,136000,54477,16.98,11.8,12.99,1249,13.9
"600","13135050534",18.7,16.1,55.33,123700,53779,23.71,6.4,13.83,1271,20.5
"601","13135050535",17.6,16.3,74.87,127200,47541,14.54,18.5,12.01,1354,16.7
"602","13135050536",14.6,18,65.87,115900,47717,28.05,21,18.33,1088,22.2
"603","13135050537",19.1,15.4,15.03,138300,35606,35.12,21.9,10.47,993,12.6
"604","13135050538",10.9,26.3,86.37,182700,83857,14.91,5.2,13.79,1336,42.9
"605","13135050539",20.4,20.4,44.91,105500,41554,24.08,21.3,13.77,1083,14.9
"606","13135050540",15.8,27.1,37.88,153600,55194,34.02,3.8,12.68,1074,38.6
"607","13135050541",33.5,12.2,0.87,105600,36660,42.51,18.3,11.19,960,5.6
"608","13135050542",26.7,18.3,6.52,127500,41780,50.91,32.8,17.13,1025,16
"609","13135050543",14.5,20,82.45,144500,72038,17.88,5,16.98,1278,35.9
"610","13135050544",7.9,28.1,80.98,176600,80921,18.98,5.7,12.55,1374,34.9
"611","13135050545",10.8,13.9,74.82,119200,52188,21.33,10.8,10.32,1178,27.7
"612","13135050546",7.9,24.9,84.67,169700,71224,18.44,18.4,9.73,1393,29.2
"613","13135050547",12.1,27.3,82.62,181300,78214,18.93,6.7,14.93,1322,53.9
"614","13135050548",10.5,18.7,84.76,185100,79792,21.56,6.7,14.78,1521,54
"615","13135050549",11.7,22.3,79.93,162200,66639,15.05,3.4,14.49,1245,46.2
"616","13135050605",11.7,27.7,76.52,173600,80912,16.91,11.9,9.98,1292,58.5
"617","13135050606",11.2,23.3,70.29,205200,62570,16.89,4,14.39,1242,54.9
"618","13135050607",11.5,23.5,80.79,200400,89297,9.89,3.7,10.34,1563,59.5
"619","13135050608",12.7,18.1,81.97,160300,63341,14.29,5.8,10.93,1507,48.8
"620","13135050609",10,30.9,85.6,224900,90904,13.61,10.2,17.47,1413,66.9
"621","13135050610",5.4,32.3,87.01,250900,101676,13.92,3.7,15.48,2000,65.9
"622","13135050709",8.7,19.4,62.92,148900,54508,23.62,14.7,13.58,1295,23.8
"623","13135050712",8.7,31.7,87.83,174300,78413,21.11,9.6,21.67,1366,63.4
"624","13135050713",9.3,38.2,91.02,257800,114079,9.16,3.8,18.22,1156,60.8
"625","13135050714",8.6,30.5,79.45,204500,80575,17.14,6.6,15.11,1168,53.3
"626","13135050715",9.8,20.4,66.22,163000,68341,15.58,8.6,18.68,1333,53.7
"627","13135050718",7.9,31.9,85.14,226200,85179,15.71,2.4,16.76,1358,62.7
"628","13135050719",12.1,16.6,44.16,131900,46151,29.63,12.2,11.84,979,25.2
"629","13135050720",9.1,27.9,78.63,203400,72052,22.58,6.1,19.85,1154,65.2
"630","13135050721",11.3,15.7,85.2,154600,57620,21.42,12.7,15.1,1336,42.8
"631","13135050722",13.4,16.1,71.88,144300,58013,27.39,14.5,8.78,1328,25.3
"632","13135050723",12.2,22.7,80.96,151000,67365,19.26,14.4,11.85,1257,25.3
"633","13135050724",9.5,27.6,77.59,186400,67886,23.93,6.9,9.51,1218,49.2
"634","13135050725",11,22.4,73.63,130100,58320,20.4,10.2,8.3,1358,28.8
"635","13135050726",12.1,18.9,81.58,169900,73441,16.38,6,10.21,1458,67.6
"636","13135050727",11.5,19.7,87.1,213800,81783,14.98,6.6,13.43,1216,61
"637","13135050728",14.1,20.5,87.57,153800,63641,17.76,9.8,11.69,1426,33.9
"638","13135050729",12.6,8.4,50.09,107700,37355,33.5,18.2,11.69,1113,30.2
"639","13135050730",16.1,17.7,56.66,153200,67188,10.7,2.7,7.2,1250,43.9
"640","13135050731",12.1,19,85.48,137500,66621,17.25,4.3,11.53,1185,38.5
"641","13143010301",12.8,3.9,68.38,104100,36047,20.11,25,5.04,670,93.3
"642","13149970100",9.4,3.9,61.09,95100,36531,34.39,18,2.54,643,80.1
"643","13149970300",11.1,8.3,73.75,109200,43839,35.17,8,5.46,707,81.2
"644","13151070304",15.6,11.2,47.26,110300,45017,34.66,15.9,8.74,931,31.4
"645","13199970500",11.6,5.2,54.31,74400,32802,25.42,21.4,2.59,766,55.4
"646","13217100400",11.1,8.5,46.74,79200,37995,35.84,20.4,6.4,926,59.7
"647","13217100700",10.7,4.4,40.48,72300,23694,40,37.3,12.37,806,32.1
"648","13247060201",15.5,10.5,59.06,104400,36222,27.62,26.2,12.12,744,23.7
"649","13247060308",12.4,11.6,40.73,108400,37115,37.97,27.6,11.48,908,19.5
"650","13255160300",13.7,4.4,59.96,85300,24688,30.73,36.7,6.44,710,25.5
"651","13255160400",11,4.2,34.17,65700,25011,30.93,38.7,0.29,784,34.5
"652","13255160800",15.1,5.2,16.24,50900,23028,40.5,47.8,7.9,753,21.3
"653","13255160900",15.2,4.6,38.72,63500,34181,37.95,27.9,5.22,777,56.7
"654","13297110300",16.9,10.7,39.75,127900,37009,30.78,14.5,5.29,786,54.7
"655","13297110400",15,8.3,51.81,113600,32454,19.78,28.8,4.09,680,49.5
